INSERT INTO "user" (email, password, reg_ip, is_deleted) VALUES
('alice@example.com','a1b2c3','203.0.113.1',FALSE),
('bob@example.com','b2c3d4','203.0.113.2',FALSE),
('carol@example.com','c3d4e5','203.0.113.3',FALSE),
('dave@example.com','d4e5f6','203.0.113.4',FALSE),
('eve@example.com','e5f6g7','203.0.113.5',FALSE),
('frank@example.com','f6g7h8','203.0.113.6',TRUE),
('grace@example.com','g7h8i9','203.0.113.7',FALSE),
('heidi@example.com','h8i9j0','203.0.113.8',FALSE),
('ivan@example.com','i9j0k1','203.0.113.9',FALSE),
('judy@example.com','j0k1l2','203.0.113.10',TRUE),
('mallory@example.com','m1n2o3','203.0.113.11',FALSE),
('oscar@example.com','o2p3q4','203.0.113.12',FALSE),
('peggy@example.com','p3q4r5','203.0.113.13',FALSE),
('trent@example.com','t4r5s6','203.0.113.14',FALSE),
('victor@example.com','v5w6x7','203.0.113.15',FALSE);

INSERT INTO genre (name) VALUES
('Science Fiction'),
('Romantic Comedy'),
('Drama'),
('Thriller'),
('Documentary'),
('Action'),
('Comedy'),
('Horror'),
('Fantasy'),
('Animation'),
('Romance'),
('Mystery'),
('Crime'),
('Biography'),
('Adventure');

INSERT INTO director (name) VALUES
('Christopher Nolan'),
('Greta Gerwig'),
('Bong Joon-ho'),
('Denis Villeneuve'),
('Ava DuVernay'),
('Steven Spielberg'),
('Quentin Tarantino'),
('James Cameron'),
('Ridley Scott'),
('Martin Scorsese'),
('Kathryn Bigelow'),
('Alfonso Cuarón'),
('Guillermo del Toro'),
('Sofia Coppola'),
('Peter Jackson');

INSERT INTO actor (actor_id, name) VALUES
(1,'Leonardo DiCaprio'),
(2,'Timothée Chalamet'),
(3,'Scarlett Johansson'),
(4,'Adam Driver'),
(5,'Viola Davis'),
(6,'Morgan Freeman'),
(7,'Robert Downey Jr.'),
(8,'Zoe Saldaña'),
(9,'Chris Hemsworth'),
(10,'Natalie Portman'),
(11,'Brad Pitt'),
(12,'Emma Stone'),
(13,'Joaquin Phoenix'),
(14,'Keanu Reeves'),
(15,'Tom Hanks');

INSERT INTO movie (title, release_year, synopsis, media_url, genre_id, director_id, is_deleted) VALUES
('SciFi Galaxy',2021,'Interstellar journey.','https://picsum.photos/id/1011/400/300',1,1,FALSE),
('Quantum Voyage',2022,'Time travel paradox.','https://picsum.photos/id/1025/400/300',1,2, FALSE),
('AI Uprising',2023,'Robots challenge humanity.','',1,3,FALSE),
('Action Strike',2019,'Explosions & espionage.','https://picsum.photos/id/1040/400/300',6,4,FALSE),
('Speed Chase',2020,'High-velocity pursuit.','',6,5,FALSE),
('Battle Front',2021,'Frontline combat saga.','https://picsum.photos/id/1052/400/300',6,6,FALSE),
('Inception',2010,'Dream espionage thriller.','https://picsum.photos/id/1069/400/300',1,1,FALSE),
('Little Women',2019,'March sisters story.','',2,2,FALSE),
('Parasite',2019,'Class struggle drama.','https://picsum.photos/id/1074/400/300',3,3,FALSE),
('Arrival',2016,'First contact narrative.','',1,4,FALSE),
('Dunkirk',2017,'WWII evacuation saga.','https://picsum.photos/id/1084/400/300',6,1,FALSE),
('Pulp Fiction',1994,'Interwoven crime tales.','',13,7,FALSE),
('Titanic',1997,'Shipwreck romance.','https://picsum.photos/id/1081/400/300',11,8,FALSE),
('Gladiator',2000,'Roman vengeance epic.','',6,9,FALSE),
('The Matrix',1999,'Virtual reality rebellion.','https://picsum.photos/id/1033/400/300',1,10,FALSE),
('13th',2016,'US incarceration documentary.','',5,5,TRUE),
('Spirited Away',2001,'Spirit world journey.','https://picsum.photos/id/1037/400/300',10,11,FALSE),
('La La Land',2016,'Musical romance.','',2,2,FALSE);

INSERT INTO features (movie_id, actor_id, role_name) VALUES
(1,  1, 'Lead'),
(1,  2, 'Support'),
(2,  3, 'Hero'),
(2,  4, 'Sidekick'),
(3,  5, 'Villain'),
(3,  6, NULL),
(4,  7, 'Agent'),
(4,  8, 'Handler'),
(5,  9, 'Soldier'),
(5, 10, 'General'),
(6, 11, 'Driver'),
(6, 12, NULL),
(7, 13, 'Detective'),
(7, 14, 'Scientist'),
(8, 15, 'Survivor'),
(8,  1, 'Commander'),
(9,  2, 'Partner'),
(9,  3, NULL),
(10, 4, 'Navigator'),
(10, 5, 'Pilot'),
(11, 6, 'Ringleader'),
(11, 7, 'Support'),
(12, 8, NULL),
(12, 9, 'Explorer'),
(13,10, 'Captain'),
(13,11, NULL),
(14,12, 'Researcher'),
(14,13, 'Companion'),
(15,14, NULL),
(15,15, 'Guest'),
(16, 1, 'Alpha'),
(17, 2, 'Beta'),
(17, 3, 'Gamma');

INSERT INTO review (user_id, movie_id, score, content, created_at, updated_at, is_deleted) VALUES 
(1,1,8,'Great visuals','2023-01-10 09:00','2023-01-11 08:00',TRUE),
(1,2,7,'Solid plot','2023-01-11 10:15',NULL,FALSE),
(1,3,9,'Thrilling!','2023-01-12 11:30',NULL,FALSE),
(1,4,6,'Felt a bit slow','2023-01-13 14:45',NULL,FALSE),
(1,5,5,'Expected more','2023-01-14 16:00','2023-01-16 09:00',FALSE),
(2,1,9,'Amazing','2023-02-01 08:00',NULL,FALSE),
(2,2,8,'Enjoyable','2023-02-02 09:30',NULL,FALSE),
(2,3,6,'Predictable','2023-02-03 10:45',NULL,FALSE),
(2,4,7,'Strong cast','2023-02-04 12:00','2023-02-06 08:00',FALSE),
(2,5,5,'Not my style','2023-02-05 13:15',NULL,FALSE),
(3,1,7,'Good','2023-03-01 07:20',NULL,FALSE),
(3,2,8,'Solid','2023-03-02 08:40',NULL,FALSE),
(3,3,9,'Fantastic','2023-03-03 10:00',NULL,FALSE),
(3,4,6,'A bit boring','2023-03-04 11:20',NULL,FALSE),
(3,5,5,'Meh','2023-03-05 12:40',NULL,FALSE),
(4,6,9,'Action-packed','2023-04-01 09:50','2023-04-02 09:00',FALSE),
(4,7,8,'Entertaining','2023-04-02 11:10',NULL,FALSE),
(4,1,6,'Sequel fatigue','2023-04-03 12:30',NULL,FALSE),
(4,2,8,'Enjoyed it','2023-04-04 13:50',NULL,FALSE),
(4,3,9,'Loved it','2023-04-05 15:10',NULL,FALSE),
(5,4,8,'Well shot','2023-05-01 10:25',NULL,FALSE),
(5,5,5,'Unmemorable','2023-05-02 11:45','2023-05-06 09:30',FALSE),
(5,6,9,'Exciting','2023-05-03 13:05',NULL,FALSE),
(5,7,6,'Too loud','2023-05-04 14:25',NULL,FALSE),
(5,1,7,'Solid watch','2023-05-05 15:45',NULL,FALSE),
(6,2,8,'Nice twist','2023-06-01 09:35','2023-06-02 08:00',FALSE),
(6,3,9,'Top-notch','2023-06-02 10:55',NULL,FALSE),
(6,4,8,'Very good','2023-06-03 12:15',NULL,FALSE),
(6,5,6,'Could be tighter','2023-06-04 13:35',NULL,FALSE),
(6,6,9,'Fantastic!','2023-06-05 14:55',NULL,FALSE),
(7,7,8,'Enjoyed','2023-07-01 08:45',NULL,FALSE),
(7,1,9,'Masterpiece','2023-07-02 10:05','2023-07-05 12:00',FALSE),
(7,2,6,'Not bad','2023-07-03 11:25',NULL,FALSE),
(7,3,5,'Weak ending','2023-07-04 12:45',NULL,FALSE),
(7,4,8,'Impressive','2023-07-05 14:05',NULL,FALSE);

INSERT INTO reviewlog (review_id, user_id, movie_id, score, content, op_time, op_ip) VALUES
  (1,  1, 1, 7, 'Not Bad',         '2023-01-10 09:00', '192.168.1.1'),
  (5,  1, 5, 3, 'Terrible',        '2023-01-14 16:00', '192.168.1.1'),
  (9,  2, 4, 7, 'Strong cat',      '2023-02-04 12:00', '192.168.1.2'),
  (16, 4, 6, 10, 'Perfect',        '2023-04-01 09:50', '192.168.1.4'),
  (22, 5, 5, 10, 'Unmemorable',    '2023-05-02 11:45', '192.168.1.5'),
  (26, 6, 2, 7, 'Good',            '2023-06-01 09:35', '192.168.1.6'),
  (32, 7, 1, 10, 'Masterpiece',    '2023-07-02 10:05', '192.168.1.7'),
  (1,  1, 1, 8, 'Great visuals',   '2023-01-11 08:00', '192.168.1.1'),
  (5,  1, 5, 5, 'Expected more',   '2023-01-16 09:00', '192.168.1.1'),
  (9,  2, 4, 7, 'Strong cast',     '2023-02-06 08:00', '192.168.1.2'),
  (16, 4, 6, 9, 'Action-packed',   '2023-04-02 09:00', '192.168.1.4'),
  (22, 5, 5, 5, 'Unmemorable',     '2023-05-06 09:30', '192.168.1.5'),
  (26, 6, 2, 8, 'Nice twist',      '2023-06-02 08:00', '192.168.1.6'),
  (32, 7, 1, 9, 'Masterpiece',     '2023-07-05 12:00', '192.168.1.7'),
  (2,  1,2,7, 'Solid plot',        '2023-01-11 10:15','192.168.1.1'),
  (3,  1,3,9, 'Thrilling!',        '2023-01-12 11:30','192.168.1.1'),
  (4,  1,4,6, 'Felt a bit slow',   '2023-01-13 14:45','192.168.1.1'),
  (6,  2,1,9, 'Amazing',           '2023-02-01 08:00','192.168.1.2'),
  (7,  2,2,8, 'Enjoyable',         '2023-02-02 09:30','192.168.1.2'),
  (8,  2,3,6, 'Predictable',       '2023-02-03 10:45','192.168.1.2'),
  (10, 2,5,5, 'Not my style',      '2023-02-05 13:15','192.168.1.2'),
  (11, 3,1,7, 'Good',              '2023-03-01 07:20','192.168.1.3'),
  (12, 3,2,8, 'Solid',             '2023-03-02 08:40','192.168.1.3'),
  (13, 3,3,9, 'Fantastic',         '2023-03-03 10:00','192.168.1.3'),
  (14, 3,4,6, 'A bit boring',      '2023-03-04 11:20','192.168.1.3'),
  (15, 3,5,5, 'Meh',               '2023-03-05 12:40','192.168.1.3'),
  (17, 4,7,8, 'Entertaining',      '2023-04-02 11:10','192.168.1.4'),
  (18, 4,1,6, 'Sequel fatigue',    '2023-04-03 12:30','192.168.1.4'),
  (19, 4,2,8, 'Enjoyed it',        '2023-04-04 13:50','192.168.1.4'),
  (20, 4,3,9, 'Loved it',          '2023-04-05 15:10','192.168.1.4'),
  (21, 5,4,8, 'Well shot',         '2023-05-01 10:25','192.168.1.5'),
  (23, 5,6,9, 'Exciting',          '2023-05-03 13:05','192.168.1.5'),
  (24, 5,7,6, 'Too loud',          '2023-05-04 14:25','192.168.1.5'),
  (25, 5,1,7, 'Solid watch',       '2023-05-05 15:45','192.168.1.5'),
  (27, 6,3,9, 'Top-notch',         '2023-06-02 10:55','192.168.1.6'),
  (28, 6,4,8, 'Very good',         '2023-06-03 12:15','192.168.1.6'),
  (29, 6,5,6, 'Could be tighter',  '2023-06-04 13:35','192.168.1.6'),
  (30, 6,6,9, 'Fantastic!',        '2023-06-05 14:55','192.168.1.6'),
  (31, 7,7,8, 'Enjoyed',           '2023-07-01 08:45','192.168.1.7'),
  (33, 7,2,6, 'Not bad',           '2023-07-03 11:25','192.168.1.7'),
  (34, 7,3,5, 'Weak ending',       '2023-07-04 12:45','192.168.1.7'),
  (35, 7,4,8, 'Impressive',        '2023-07-05 14:05','192.168.1.7');

INSERT INTO operationlog (user_id, movie_id, action, op_time) VALUES
  (1, 1, 'CREATE', '2023-01-10 08:00'),
  (1, 1, 'UPDATE', '2023-01-15 09:00'),
  (1, 2, 'CREATE', '2023-02-10 10:30'),
  (1, 2, 'UPDATE', '2023-03-01 11:45'),
  (2, 3, 'CREATE', '2023-02-05 08:20'),
  (2, 3, 'UPDATE', '2023-02-20 09:35'),
  (2, 4, 'CREATE', '2023-03-10 10:50'),
  (3, 5, 'CREATE', '2023-03-01 09:00'),
  (3, 5, 'UPDATE', '2023-03-05 10:15'),
  (3, 5, 'UPDATE', '2023-03-10 11:30'),
  (3, 6, 'CREATE', '2023-04-01 12:45'),
  (3, 6, 'UPDATE', '2023-04-05 14:00'),
  (4, 7, 'CREATE', '2023-04-02 08:30'),
  (4, 8, 'CREATE', '2023-04-10 09:45'),
  (4, 7, 'UPDATE', '2023-05-01 10:55'),
  (5, 9, 'CREATE', '2023-05-05 11:10'),
  (5, 9, 'UPDATE', '2023-05-07 12:20'),
  (6, 10, 'CREATE', '2023-06-01 13:30'),
  (7, 11, 'CREATE', '2023-06-05 14:40'),
  (8, 12, 'CREATE', '2023-06-10 15:50'),
  (9, 13, 'CREATE', '2023-07-01 08:10'),
  (10, 14, 'CREATE', '2023-07-05 09:20'),
  (11, 15, 'CREATE', '2023-07-10 10:30'),
  (12, 16, 'CREATE', '2023-07-15 11:40'),
  (13, 17, 'CREATE', '2023-07-20 12:50'),
  (14, 18, 'CREATE', '2023-07-25 13:00'),
  (15,  1, 'UPDATE', '2023-08-01 14:10'),
  (15,  2, 'UPDATE', '2023-08-05 15:20'),
  (15,  3, 'UPDATE', '2023-08-10 16:30'),
  (15, 16, 'DELETE', '2023-08-15 17:40');